XGB_fp,SVM_fp,GB_fp,RF_fp,XGB_rdkit2d,SVM_rdkit2d,GB_rdkit2d,RF_rdkit2d,XGB_combined,SVM_combined,GB_combined,RF_combined,ground_truth,CombinedNet,DMPNN,ADMETlab2,ADMETlab3
-5.643911,-5.961470386264317,-5.483296519222401,-5.5384592373682375,-6.046221,-5.898155214675341,-6.283739724073516,-5.811781772653186,-6.051782,-6.142559543725673,-5.732676538921443,-5.881885931377927,-4.452225294612178,-5.658177852630615,-6.070380391363955,-5.484,-5.246998734960934
-4.8864503,-5.075858971238238,-4.960181873782513,-5.077284418242372,-5.079074,-5.023228263241207,-4.783831380950804,-5.026885646271197,-5.060615,-4.800672751904433,-5.177342814526674,-4.9707720697174445,-4.040958607678906,-4.853691577911377,-4.805622057275476,-5.051,-4.981073282286269
-4.9761777,-5.074015551571188,-4.835692370348617,-5.037226346264262,-4.904591,-5.303246026347496,-4.7197150759859126,-4.850136365858931,-5.2793274,-5.102093226719538,-5.616375120345661,-4.85591442387651,-4.795880017344075,-5.28790807723999,-5.190197219908277,-4.865,-5.153186265708246
-4.751775,-4.77707648719066,-4.647407563785699,-4.848242572169298,-4.554111,-5.084939226153623,-4.462949084380029,-4.49614523714541,-4.5832725,-4.689909444204854,-4.63789085482452,-4.49996320504901,-4.403402904373539,-4.624856948852539,-5.191445745688261,-4.759,-4.802940159200495
-6.015895,-5.779423425495312,-6.181006315566209,-5.6523382827855695,-5.540268,-5.542981749686726,-5.384677779617322,-5.646651255980337,-5.8091016,-6.185668288618748,-5.298510977472412,-5.611605312879932,-6.221848749616356,-6.113716125488281,-5.984837977868292,-5.558,-5.394623299637254
-5.2145147,-5.334557413235964,-5.400040867172023,-5.139511320687444,-4.8515916,-5.378508638611605,-4.759665801701792,-5.338958262929009,-5.4636517,-5.4719481777969206,-5.64520560326505,-5.259248164275024,-5.6020599913279625,-5.419609546661377,-5.218468124253482,-4.83,-5.212169538944271
-6.0556927,-5.765052716889208,-6.023366241543559,-5.389375850983131,-5.2698936,-5.446683737271773,-5.136040365153308,-5.546304210927595,-5.6496005,-6.029855272439992,-5.2879874656015735,-5.449396941997375,-6.522878745280337,-6.289584636688232,-5.930321109441571,-5.594,-5.343030494741534
-5.289658,-5.022479096005699,-5.423197426840334,-5.202273265293019,-5.084613,-5.416288160465211,-5.287330436438502,-5.226876129203714,-5.273562,-5.1330469340318166,-5.072014511506661,-5.161669170553355,-4.568636235841013,-5.23820161819458,-4.898160888864341,-4.907,-5.218740716559411
-5.207637,-5.466405325413129,-5.221799568368372,-5.139350033485705,-5.490151,-5.488722433566772,-5.557342778019703,-5.438365123345333,-5.169639,-5.467137409530581,-5.420844239142133,-5.426822250731101,-5.1487416512809245,-5.497324466705322,-5.154476787700867,-5.868,-4.771894787271933
-4.832194,-4.782558449645567,-4.756695221176089,-4.961996542083184,-5.1994734,-5.231279906791472,-5.133199528722275,-5.032124241941974,-4.8554645,-4.696511938044692,-4.735343419657199,-4.86137831094961,-3.835647144215563,-4.779527187347412,-4.895891437505167,-4.925,-4.924210450360637
-4.921337,-5.108761908222121,-4.957007489135248,-5.152044732823354,-5.259001,-5.21600119445304,-4.882266020313788,-5.2798138118283315,-5.2843976,-5.204637660237602,-5.200130373771052,-5.3582482048490725,-4.958607314841775,-4.93422269821167,-5.430217822433627,-5.17,-5.0645908620168685
-4.6067033,-4.581590177481914,-4.51613121130873,-4.800934520333959,-4.5470643,-5.118652100814244,-4.204781776516762,-4.565184094468585,-4.376308,-4.5361949459889574,-4.396081292249195,-4.52339002786218,-4.995678626217358,-4.718518257141113,-4.7614220425310485,-4.804,-4.631494713562212
-4.8269577,-4.636892276943748,-4.704724404757886,-4.838048556700351,-4.6713896,-5.032091717351566,-4.429769993813061,-4.712493282843865,-4.7703137,-4.459665011685725,-4.715658506502062,-4.655411547569458,-4.798602875679548,-4.798588752746582,-4.625038882488281,-4.538,-4.852311835363597
-5.5283484,-5.950596617314015,-5.458206889242357,-5.277710131041713,-6.0899053,-5.607500436389286,-6.0474153600459255,-5.918073412212621,-5.8238287,-5.934193423144234,-5.723340850802884,-5.823730496877327,-5.567030709125595,-5.390169620513916,-4.894183576516926,-5.959,-5.577057744744652
-5.072854,-5.52093810400288,-5.087978524887005,-5.148137292983056,-5.546373,-5.665727995544495,-6.041474043543954,-5.487311569558606,-5.4558387,-5.634574838563725,-5.635946845054333,-5.448432239731911,-6.886056647693163,-5.083914279937744,-5.14075545499955,-4.98,-4.846496987556377
-4.89423,-4.431209444544464,-4.94021461400345,-5.033061937312752,-4.779197,-5.294436315288489,-4.649222808242637,-4.781888446705744,-4.794692,-4.389028402074651,-4.7955184955378805,-4.870400714030805,-5.863279432843593,-4.777976989746094,-5.546136686038976,-4.79,-5.005218303219611
-4.9050813,-4.78793941830541,-4.866780357552083,-5.109197486529613,-5.238645,-5.488001010657116,-5.290579194061271,-5.382605558870017,-5.1959724,-4.874608890527794,-5.267236669621792,-5.303364438945633,-4.73754891026957,-4.813599109649658,-4.658913541644568,-4.889,-4.973455223030194
-4.974259,-4.948210330160258,-5.044150727508385,-5.072095067981018,-5.252969,-5.411314168122961,-4.806089211271221,-5.315804654390653,-5.2223763,-5.2258125256494665,-5.125438651449838,-5.25775927402838,-5.045757490560675,-5.031362533569336,-5.40058807078837,-5.138,-4.924916840669997
-5.1055512,-5.148446040355903,-5.195637041650902,-5.148212356508765,-5.278416,-5.444659503580678,-4.814815450796876,-5.24553290433086,-5.133914,-5.168868383489634,-5.0840855195413175,-5.148007547622655,-5.508638306165727,-5.263431072235107,-5.445846787681343,-5.118,-4.85250089134928
-4.656642,-4.78954746036933,-4.4830370887514315,-4.9459359124224,-5.142531,-5.464959778753716,-4.740797541622418,-5.172765221716575,-4.816747,-4.876229877760851,-4.795435447158702,-5.059141065082113,-6.698970004336019,-4.348377704620361,-4.634788895988926,-4.69,-4.916065471168903
-5.3425975,-5.3043952077084775,-5.5233840804086185,-5.193181007466931,-5.17604,-5.447765476827532,-5.724455223105308,-5.322804499992357,-5.53022,-5.457424255000104,-5.520055476882071,-5.248213869559519,-5.251811972993799,-5.7930169105529785,-5.289711223536695,-5.085,-5.362187388404515
-5.3312607,-5.473278696642657,-5.238165697144503,-5.614920803058355,-5.429321,-5.5210771947352555,-5.413228717564881,-5.2698820782875,-5.553746,-5.3890607562692745,-5.453286418243188,-5.312406499252079,-5.42021640338319,-5.149614334106445,-5.706296982143194,-5.277,-5.49814896767539
-6.0430455,-5.897641742156278,-5.883082120284981,-5.299411742611031,-5.4451904,-5.482326341677295,-5.2374449678705535,-5.52259887553588,-5.9819856,-6.3500838575566805,-5.715180256046,-5.56904703771358,-6.522878745280337,-6.220157146453857,-6.13404823736786,-5.362,-5.322150856800147
-6.0788317,-6.38872459737481,-6.116910487399947,-5.541197643324254,-5.511268,-5.591779246182606,-5.53149712008885,-5.572473255053441,-5.982177,-6.373607526802178,-6.454804183353036,-5.61764345456038,-5.4089353929735005,-6.361459255218506,-5.788358190403951,-5.158,-5.770422751734873
-5.0575256,-5.300458683758861,-5.144118144728959,-5.148759110429346,-5.328936,-5.709745547963554,-5.259662461770428,-5.303464476388232,-5.329992,-5.103477153398494,-5.214098191070628,-5.281306823984686,-4.920818753952375,-5.554965019226074,-5.353988008384107,-5.274,-5.627252012702103
-5.4746423,-5.397104738028451,-5.885336742294822,-5.345865348408599,-4.8084626,-5.083641349600744,-4.596333117439333,-5.136981264123103,-5.143374,-5.46975966878025,-5.311588886399201,-5.005499394194115,-4.728158393463501,-5.292747020721436,-5.217029257991225,-5.291,-4.842269655680239
-5.0365863,-4.920313056929073,-5.199362306031742,-4.905730940176857,-4.772209,-5.391209279419673,-4.658715642162861,-4.773549105667841,-4.7762623,-4.673150918266126,-4.773487122610081,-4.755862173168445,-6.692503962086787,-5.059180736541748,-4.960684531654272,-4.602,-4.853978846430179
-5.550031,-5.563361185272616,-5.564368263489831,-5.590077679268622,-5.018186,-5.467068484612887,-5.366809285144512,-5.042767993347703,-5.127707,-5.426966442157181,-5.328321992019605,-4.993640712933026,-6.4089353929735005,-5.580477714538574,-5.88046147353753,-5.992,-5.298201032033654
-5.252246,-5.376784776424769,-5.346213709806408,-5.2223812162957834,-5.4726586,-5.444937156215437,-5.304489810254264,-5.488916289515204,-5.4619417,-5.6036186531205985,-5.5616605727810375,-5.420798457258841,-4.853871964321762,-5.362100124359131,-5.509784325288761,-5.335,-5.145893664926403
-5.152679,-5.605564147472641,-5.082411611814119,-5.508360690599014,-5.556544,-5.19072375199356,-5.64119231794842,-5.500885732283596,-5.711437,-5.561859583307024,-5.690245241299125,-5.537918471986357,-4.539102157243452,-5.221155643463135,-5.30715992184522,-5.31,-5.664497581738777
-5.781134,-5.888868105994217,-5.677806867060123,-5.561081644143023,-6.096867,-5.753346370997541,-5.811507714259003,-5.972273916943755,-6.33885,-5.906337722828251,-6.755995540976854,-5.976590134307657,-6.721246399047171,-6.0330986976623535,-6.145201994503329,-6.512,-5.786154896794674
-4.742285,-4.882590601476016,-4.905416029011522,-5.147654142987953,-5.487595,-5.3524260581729886,-5.363945383667162,-5.233487770005016,-5.1256404,-4.777282016881117,-4.9574429556615796,-5.042761992701032,-5.1938200260161125,-4.547410488128662,-4.899053217310279,-5.072,-4.970375238862723
-4.933222,-4.627418064730097,-5.020573151772712,-4.985345433828586,-4.7392926,-5.5089877113373795,-4.651079009168775,-4.709554535827007,-4.756867,-4.515839814005725,-4.807377361665311,-4.6790476506711265,-4.841637507904751,-5.108065128326416,-5.4010493398317685,-4.487,-4.910412539361637
-5.146383,-5.262845320895597,-4.868311021641699,-5.001147030319454,-5.3762407,-5.55531643723265,-5.02809035023213,-5.438174233950189,-5.5416727,-5.343696183530735,-5.2897752584608,-5.331224534235726,-5.026872146400302,-4.719232082366943,-4.740497923071103,-5.142,-5.219757128273107
-5.859553,-5.734306531247181,-5.7824803327360845,-5.308440655270527,-5.43746,-5.334825386881187,-5.53538171583424,-5.447805479948076,-5.7630577,-6.203129452516843,-5.587643745921295,-5.505089909953869,-5.698970004336019,-5.754156589508057,-6.100600113717491,-5.184,-5.380973426673877
-5.418434,-5.330976176781221,-5.540218515216663,-5.185534046883324,-5.1888204,-5.418022526150191,-5.183724838982248,-5.120963511487213,-5.15942,-5.261678078500068,-4.993424432220453,-5.116699898465472,-4.886056647693163,-5.315942287445068,-5.452651599298095,-5.691,-5.646193528442891
-4.9832325,-5.069349392858151,-5.0275289078730845,-4.881417481344528,-5.237334,-5.8534891519410515,-5.173617551764104,-5.321347406339845,-5.3381834,-5.350680687742155,-5.320577601628346,-5.287240412606842,-6.585026652029182,-5.1252522468566895,-4.952473130819456,-5.562,-5.402616314157133
-5.063812,-5.0854087698294155,-4.9775152255440345,-4.852519262840147,-4.771659,-5.3944567715636245,-4.7218927361281775,-4.940889016157904,-4.7563047,-5.101986541700473,-5.049736460220304,-4.869830019079052,-4.920818753952375,-5.142396926879883,-4.978444432237756,-5.169,-5.295313318304076
-5.1109357,-5.4097267006722785,-5.041636827146848,-4.968342797610382,-5.2921176,-5.419926490847154,-5.755634637516727,-5.360105185245456,-5.3152413,-5.451202875509992,-5.418449850133511,-5.203626551143853,-4.785156151952302,-5.652202129364014,-5.542646003269683,-5.296,-5.166335088339381
-5.1296864,-5.338674996523258,-5.074949858959489,-5.246166730218319,-5.1292906,-5.797869483551625,-4.904417134401447,-5.203453903814113,-5.0768948,-5.060821631710809,-5.102194673981092,-5.157884203145742,-5.0,-5.195352077484131,-5.497848485732355,-5.593,-5.731998537388971
-5.1622634,-5.012096702580713,-4.721646278990761,-5.1028608661626675,-5.423101,-5.481796090417735,-5.572018525392046,-5.545457202443696,-5.741526,-5.480257913700787,-5.558442316797992,-5.570519849627267,-5.772113295386326,-5.641626358032227,-5.3954746680428745,-5.4,-5.145239932926229
-4.5982985,-4.506395576379033,-4.7021345366767315,-4.773022741492754,-4.5169063,-5.014410674006855,-4.654553020548952,-4.616181232656357,-4.496702,-4.5369815248850625,-4.533948839929263,-4.578005516116835,-4.690369832574102,-4.649245738983154,-4.773033090700691,-4.793,-4.818046236759757
-5.113928,-4.855885006979523,-4.991768953369794,-5.098984205495519,-5.013716,-5.581533695408381,-5.4891715738572024,-5.163610981586366,-5.048307,-5.037636245152029,-5.192598546799389,-5.091983613206186,-4.6020599913279625,-4.765436172485352,-5.0335996172512925,-5.021,-5.380860208662496
-5.063812,-5.0854087698294155,-4.9775152255440345,-4.852519262840147,-4.771659,-5.3944567715636245,-4.7218927361281775,-4.940889016157904,-4.7563047,-5.101986541700473,-5.049736460220304,-4.869830019079052,-5.180456064458132,-5.166042804718018,-4.89299084739772,-5.169,-5.319347998834453
-5.065245,-5.362061400704099,-5.130550896709355,-5.190961771526688,-5.2317853,-5.300832369761947,-5.078028681384303,-5.307177235957925,-5.2946067,-5.274888171598992,-4.805320396664694,-5.24483695350899,-4.619788758288394,-5.522755146026611,-4.997318593530741,-5.268,-5.131409530937224
-5.366465,-5.236196392470225,-5.0803178318429465,-5.257737079247456,-5.491408,-5.751311061113445,-5.240051824552813,-5.424505281624454,-5.3129826,-5.609535429711495,-5.118862716718718,-5.357749219468174,-4.318758762624412,-5.493909358978272,-5.339949217480186,-5.805,-5.366366917334161
-5.068338,-5.148175412202081,-4.916331657301475,-4.918568661404674,-4.750359,-5.5674971385022785,-5.017195574548785,-4.933087214308454,-5.0754595,-5.363450966260167,-5.159797588277653,-4.915017924463819,-5.468521082957745,-5.180094242095947,-4.971778148259035,-5.214,-5.369353932614354
-5.63629,-5.547584713471249,-5.41012136319466,-5.197649374605553,-5.417913,-5.822993555018969,-4.716784716571349,-5.59540004612339,-5.3786397,-5.7042127955765904,-5.162379314360597,-5.496605355112565,-5.2441251443275085,-6.013680458068848,-5.322754827203733,-5.826,-5.381865023325553
-4.631594,-4.764907965704605,-4.64582543529246,-4.867443459554697,-4.5294404,-5.095157142550233,-4.5995742405872235,-4.563856665159968,-4.558897,-4.58341171779331,-4.592029956347844,-4.538374072973132,-4.6777807052660805,-4.732009410858154,-4.8723808803276025,-4.701,-4.519167856124252
-5.3644204,-5.623518395261804,-5.416622877473574,-5.236154760590812,-5.480836,-5.4589035895864875,-5.297090338079737,-5.339208700232385,-5.1890182,-5.516008506938613,-5.293131271808751,-5.279360781832576,-5.721246399047171,-5.437664031982422,-5.3093057355162205,-6.009,-5.141753633337687
-5.211722,-5.534686953384483,-5.274069694546719,-5.149036870329552,-5.2209597,-5.372620557430361,-5.267854391220234,-5.3146298842348445,-5.111941,-5.409505758243285,-5.185306508612977,-5.2331387798816404,-5.259637310505756,-5.3184309005737305,-5.155390440599176,-5.794,-5.062533275758527
-4.601818,-4.416208607094571,-4.3526344298249455,-4.544029222157985,-4.862804,-5.085956058228564,-4.877958778604848,-4.702362738757284,-4.6414576,-4.541289770260218,-4.447729792218333,-4.645548741683623,-5.3872161432802645,-4.743354797363281,-5.376654535083939,-4.656,-4.727365731484083
-5.6506734,-6.145238097406075,-5.658645920977007,-5.62522798260378,-5.9653463,-5.912614079913029,-6.125100038499356,-5.875336357248491,-6.1231785,-6.112927089819438,-5.792257200980771,-5.942919621337047,-4.966576244513051,-6.246922492980957,-6.377726146079558,-5.63,-5.433079581512392
-4.8888116,-5.166349031019106,-4.486790331220218,-4.669415341753928,-5.350299,-5.173260712102124,-5.1553403921292125,-5.620400638750533,-5.213207,-5.00741974180842,-5.270060143123648,-5.517491295074732,-5.326979092871104,-5.1471710205078125,-4.917749512228752,-4.684,-5.150415436775353
-5.3720126,-5.327100790985827,-5.6377358353878195,-5.208690932231552,-4.4551616,-4.9610970056040316,-4.471411457530541,-4.795222851934662,-5.023812,-5.260812507488728,-4.844837060995463,-4.759349956535539,-4.326979092871104,-5.258089542388916,-4.760832344766468,-5.133,-4.646209012916162
-5.4473996,-5.295798435589758,-5.205404364995675,-5.197574381087402,-5.383297,-5.611225353904778,-5.484420717245375,-5.515836653062867,-5.6684375,-5.47314987748175,-5.687454261460893,-5.735240938267936,-4.966576244513051,-5.463788986206055,-4.889680725596049,-5.039,-5.136636071433268
-5.068328,-4.977288845262569,-5.029304461115587,-4.97057866422761,-4.708616,-5.522390747849748,-4.796935977851817,-4.8854826185019515,-4.837234,-5.20627069695517,-4.882015279575626,-4.893729439016115,-5.638272163982407,-4.977919101715088,-5.027718760705645,-5.205,-5.543193509958103
-5.0846024,-5.260859257830257,-4.99822051419479,-5.056669227319603,-5.528436,-5.6655733065820515,-5.3789599289663155,-5.881437932004343,-5.780395,-5.6575497020202805,-5.8390648974539845,-5.6054520192735175,-6.3979400086720375,-5.187978267669678,-5.103007411164591,-5.319,-5.122637930858717
-5.5316243,-5.378565750305409,-5.3318174255640995,-5.261968935542147,-5.0240703,-5.685730725333221,-5.475720480691467,-5.09978498022472,-5.131468,-5.352854039996775,-5.3698391616958485,-5.088621388902684,-4.769551078621726,-5.068850994110107,-5.835359885105286,-5.119,-5.367052076860361
-5.2013826,-5.050830802913197,-5.29941536991865,-5.144951260294583,-5.0146995,-5.344545271654119,-4.752583973176485,-5.302394631629833,-5.298491,-5.092030762945941,-5.140891627787852,-5.299780147257517,-5.346787486224656,-5.120132446289063,-5.031336344872871,-4.806,-5.178024212823279
-4.71091,-4.226617960984105,-4.744557595007014,-4.798353260572981,-4.6092257,-4.94269788860194,-4.534777455374793,-4.64692471766707,-4.669225,-4.325465018216388,-4.580092337976427,-4.634894589416842,-5.080921907623926,-4.631314754486084,-4.7620743198976845,-4.677,-4.657073245443799
-4.858001,-4.317636326657704,-4.703906926725832,-4.851640402389766,-4.6415772,-5.079209366993141,-4.683276770270731,-4.727656668932733,-4.6667547,-4.333630793596257,-4.85596417452903,-4.724056237659834,-5.130768280269024,-4.658214092254639,-5.073238800864477,-4.635,-4.544836431164159
-5.0568857,-5.057055333765071,-4.861599368621057,-4.983995338692345,-4.572494,-4.985965811334891,-4.433815688708733,-4.512893057328528,-4.7506127,-4.821922224394762,-4.72937888472596,-4.698570177728746,-4.411168274405793,-5.1220383644104,-4.567295796314316,-4.684,-4.607037351814406
-4.8720484,-4.889029158573461,-4.892040014146733,-4.875069913651738,-4.840984,-5.158525190212099,-4.774611778875979,-4.736505063217868,-4.3905716,-4.52672248277602,-4.591519809508529,-4.729746491129672,-5.6777807052660805,-4.792947292327881,-5.030543391162491,-4.795,-4.700979929388741
-5.852999,-6.564039342026028,-6.128081875584389,-5.8108043470895305,-6.8218384,-6.29922554878528,-6.655497013538463,-6.3267783412560386,-6.8155565,-6.6031446448644875,-6.3364688263256985,-6.311807305574051,-7.0,-5.993352890014648,-6.082071208781355,-6.381,-5.719405160550832
-5.4738884,-5.899727558340167,-5.839648686640485,-5.4118057792002565,-5.3287053,-5.2297990617681664,-5.253143130935856,-5.229795278909127,-5.5939445,-5.9477314765316045,-5.674756166979809,-5.30140895775132,-6.481486060122113,-5.640044689178467,-5.830967744794431,-5.421,-4.970098718979776
-4.988074,-4.533434650511158,-5.2375537429645656,-4.734583760985861,-4.5591917,-5.219863577672115,-4.311350580872793,-4.697483162175866,-4.7219234,-4.330971026596012,-4.86471692992271,-4.734268813226595,-4.46344155742847,-4.7305684089660645,-4.867277228060193,-4.5,-4.698679344017059
-5.133974,-4.811403023838514,-4.844896846257155,-5.098999985283206,-5.553115,-5.507895110507756,-5.8511971723356835,-5.510926357026091,-5.5464025,-5.2603394266962855,-5.5363489480040124,-5.540078582556709,-7.275724130399211,-5.446445941925049,-5.532764326374659,-5.371,-5.383873805730127
-4.904263,-4.858538961579512,-5.020429411524881,-4.876881573738981,-4.7389727,-5.519973856124847,-4.864116637439393,-4.731863004541718,-4.8554163,-4.870388045779615,-4.965758496327971,-4.740324912139799,-5.189767482004916,-4.85068941116333,-5.03433714596891,-4.575,-4.878318794055336
-4.4532022,-4.385604912628722,-4.4231109270315745,-4.701052913910232,-4.9794164,-5.307871236701847,-4.883826106206485,-4.745605965377656,-4.5161324,-4.628346729430203,-4.46961857624568,-4.720816785811403,-4.113509274827518,-4.529062747955322,-4.945066158944989,-4.715,-4.98998437900418
-5.0542636,-5.141628867144448,-4.996360232234874,-5.127801509116031,-5.5930424,-5.638214245690763,-6.009986279351675,-5.51812219244165,-5.2434015,-5.39932407227947,-5.4426225548153235,-5.410773145316987,-6.6020599913279625,-4.928648471832275,-5.203862465583178,-5.008,-4.881566199212775
-5.621074,-5.489919798835507,-5.932607812084079,-5.527252137321971,-5.0419455,-5.50640162336016,-5.017063315833019,-5.3340767079048454,-5.572523,-5.856165619195699,-5.310309556144809,-5.353263338865157,-6.045757490560675,-5.591869354248047,-5.732193113705424,-5.425,-5.353303412424115
-5.2999263,-5.34049929435972,-4.995142551244266,-5.3235902062399685,-5.122179,-5.373260286942946,-4.854936080790006,-5.34542373942413,-5.5330124,-5.49162824833944,-5.303481611697183,-5.39645732275962,-5.434152181326482,-5.032130718231201,-4.903860278501578,-5.662,-4.971031506815464
-5.32992,-5.22320650883621,-5.547070900477257,-5.50687218641285,-4.537234,-4.794041114504709,-4.601859786354624,-4.579630743862187,-4.8187566,-4.890814579032635,-4.832752946568876,-4.575656902450032,-4.263603497723357,-5.328824520111084,-4.71886006164651,-5.184,-4.674161273393378
-5.423832,-5.401579776885496,-5.501535626883289,-5.3887558875913575,-5.077496,-5.3847072277832915,-4.754381712447684,-5.33872768179168,-5.4469,-5.4943918925781725,-5.477892859558741,-5.449121642307981,-4.927750102386486,-5.203545093536377,-4.979340454134595,-5.704,-5.132709002115534
-5.079361,-5.373743874270024,-5.209025633216648,-5.129620414983735,-5.2742286,-5.3683123256180885,-5.058044423524369,-5.315160863378988,-5.322578,-5.516272584198372,-5.0587136410576115,-5.223680271346854,-4.6020599913279625,-5.370105266571045,-5.387925521537976,-5.143,-5.078332674087924
-4.800352,-4.776415211453804,-4.521864979784872,-5.187794092221808,-5.38813,-5.545097783595496,-5.435049222014095,-5.482089948915581,-5.2304277,-4.950991240006839,-5.617202725320826,-5.500939934615091,-4.928117992693875,-4.607449531555176,-4.798770171581676,-4.92,-5.385299732880942
-5.0927453,-5.290220341919005,-4.9463406443291955,-5.176632318979132,-5.2295995,-5.534899313486554,-5.523466355296393,-5.34076961674501,-5.081291,-5.325978072409841,-5.146322958422812,-5.304933138441428,-4.818156412055227,-4.972387790679932,-4.781723525148569,-4.93,-5.066404669609087
-5.7907925,-5.6624515959143435,-5.847350608860055,-5.282678445209515,-5.032056,-5.191298750777425,-5.0726975888123444,-5.292084666850807,-5.696999,-6.012226903914466,-5.340208488689691,-5.322836757510965,-5.6020599913279625,-5.960094451904297,-5.177876727185414,-5.126,-5.2701480504498335
-6.0366197,-5.684708231354301,-6.030351491751805,-5.635224642186059,-5.433633,-5.482069650392633,-5.314397338727067,-5.693022699169532,-5.821407,-6.02097534955903,-5.269944085125275,-5.603603673400974,-6.698970004336019,-5.906705856323242,-5.893020739730893,-5.409,-5.400411315430217
-4.879448,-5.200473741151713,-4.900151598000063,-5.08096356048947,-5.1987486,-5.665304536212175,-5.1197247864703685,-4.94797291617438,-4.83564,-5.04517604056304,-4.949528039321214,-4.974404458293762,-4.721246399047171,-5.440267086029053,-5.906048539915889,-5.496,-5.479156232429624
-5.001434,-5.318810910695661,-5.040170144357486,-4.962111049877028,-4.996631,-5.392214694884116,-4.993384574797747,-4.959354154180361,-5.107934,-5.5647356719823176,-5.215292032595664,-4.959344619602813,-4.853871964321762,-4.882006645202637,-5.022971003792018,-4.86,-5.378915311089573
-4.7604575,-4.849605418658807,-4.7959667467016,-4.926900240048077,-4.6046357,-5.282962823695773,-4.861981977896727,-4.656083553847709,-4.670735,-4.74271167662261,-4.828867919921963,-4.646448516983481,-4.359518563029578,-4.617767810821533,-5.376193736432873,-4.888,-4.647494793800254
-4.9578757,-4.624784875489363,-5.018272352097014,-5.064511288723126,-4.739989,-5.2929502646042685,-4.614288460366501,-4.770528279118306,-4.8374825,-4.447794191036,-4.84222641724834,-4.837434179480343,-6.025949097207123,-5.008031845092773,-5.298691651953415,-4.763,-5.01456246556793
-5.9130783,-6.040685124539792,-6.465626152215507,-5.890127964143443,-6.189246,-5.930345120698021,-6.6312922625407715,-5.906543268606152,-6.4599323,-6.439023003754057,-6.247031610148216,-5.867470620469335,-4.795880017344075,-6.500369548797607,-5.995636977883274,-5.66,-5.7039325969431705
-6.0117307,-5.929730780845844,-5.729937011866945,-5.250433502758664,-6.082627,-5.876304864246013,-6.347346596513459,-5.895636831760829,-6.482021,-6.312060503008382,-6.139676035126931,-5.776532387197937,-5.481486060122113,-6.390101909637451,-5.907318575982252,-6.228,-5.647814420781953
-5.379483,-5.261237949186874,-5.329150353341492,-5.111936306113227,-5.389614,-5.6121046076244845,-5.257576420179437,-5.341905184380603,-5.0915,-5.046702102051825,-5.045310671311821,-5.225367430544366,-4.657577319177793,-5.121427536010742,-4.971102711329204,-5.007,-5.405629410771128
-5.173392,-5.48635850648128,-5.444977051823704,-5.221439796607117,-5.4311476,-5.229318028846097,-5.157190857265909,-5.153054784958589,-5.072393,-5.455669067792675,-5.444338320710427,-5.168138409048424,-4.657577319177793,-5.47899341583252,-4.89930641614562,-5.604,-5.052234055387651
-5.323222,-5.634955776194834,-5.229574505556474,-5.134858794245816,-5.3816705,-5.421107779645139,-5.04251664068691,-5.25010078372085,-5.097636,-5.5648098224067875,-5.52779402663105,-5.221128651214174,-5.142667503568732,-5.388327121734619,-5.001071371938487,-5.754,-4.956661923776681
-5.357589,-5.338278269840107,-5.134860581056481,-5.206846307393017,-5.1742325,-5.625403356290839,-5.4123106047449285,-5.47689404019136,-5.5073104,-5.404618072958223,-5.583528390611077,-5.535951715343896,-5.1249387366083,-5.094832897186279,-4.943027954779008,-5.066,-5.120626732802931
-5.0973034,-5.13603707559983,-5.162822125369349,-5.122859445333529,-5.4090943,-5.342045746478719,-5.3663853349530015,-5.36545714605087,-5.4267964,-5.387056307414328,-5.23607462628617,-5.27196733113571,-5.031517051446065,-5.1206889152526855,-5.463115993567788,-5.193,-5.148617162494116
-5.7272344,-5.532096284831904,-5.807123367517947,-5.109618542427491,-5.361006,-5.512637393368656,-6.399796545656983,-5.53382776313881,-5.305247,-5.429220561753776,-5.69521628640736,-5.414104187387546,-6.537602002101044,-5.462902545928955,-4.845675929476594,-5.021,-4.755792191031066
-5.8498363,-5.770459214119914,-5.619180446839699,-5.351503022445146,-5.280101,-5.504598016356799,-5.320382114911728,-5.502305053831632,-5.7369804,-6.13166290787278,-5.554224086747351,-5.513998479657641,-6.522878745280337,-5.999309539794922,-5.516278712810462,-5.42,-5.2965350411225645
-5.9244814,-5.5420782757408205,-5.960801259986107,-5.333754220692466,-5.2652206,-5.597761174183304,-5.320349893361571,-5.5551850681557395,-5.7160983,-5.979572054245785,-5.64895430349156,-5.5645959560616545,-6.221848749616356,-5.621602535247803,-5.620126356784878,-5.33,-5.296851712785814
-5.183461,-5.621749157495041,-5.317962655581163,-5.12083711727537,-5.5139036,-5.444970391521134,-5.078955135169726,-5.3571407826847866,-5.149906,-5.461374659030303,-5.599115700329234,-5.367979576730225,-5.00436480540245,-5.550413131713867,-4.981843220090297,-5.468,-4.969844854248035
-4.9636483,-4.904209249056336,-5.252559608593654,-5.076485332938117,-4.495165,-4.911906944378037,-4.448363915156738,-4.791776171708939,-4.82459,-4.892486148000302,-4.7045706903461495,-4.747143551367322,-4.350665141287858,-4.786986827850342,-4.71136045151926,-5.202,-4.712324443422663
-5.485776,-5.905221943927222,-5.64690462378738,-5.576010508639407,-6.5460677,-6.232103146032547,-6.297482763143346,-6.327954672955661,-6.2622757,-6.121676258034422,-6.257309449885613,-6.328026078352935,-6.698970004336019,-5.718567848205566,-6.09671571837387,-6.422,-5.780245039789191
-5.2276034,-5.377785069051154,-5.140169993461525,-5.134018767979248,-5.064397,-5.499263378644536,-5.173168875331717,-5.403074467839258,-5.668154,-5.59618275307772,-5.573574284807192,-5.300283580227711,-6.221848749616356,-5.355440616607666,-5.188293362115157,-5.068,-5.3801653865314485
-5.352656,-5.40756922637475,-5.379125642032822,-4.915071301439339,-5.198786,-5.761500585910825,-5.377478016564377,-5.21023151291597,-5.3370857,-5.411492637002812,-5.7161341982266185,-5.176809795689603,-6.455931955649724,-5.720641613006592,-5.295663359038878,-5.005,-4.919580272554512
-5.5231667,-5.9677003807070115,-5.251745897602875,-5.3358778445926625,-5.394707,-5.474234477922461,-5.5060518427894,-5.5085081281527035,-5.4104657,-6.010310412983428,-5.345817763982762,-5.52879096554324,-5.327902142064283,-5.923747539520264,-5.568772313479562,-5.611,-5.496185322339277
-4.8258996,-4.887321939526904,-4.801491789675605,-5.071011253758997,-5.121215,-5.333113649702664,-5.072736517144589,-5.251850130077669,-5.114663,-5.147922729303442,-5.137425039287635,-5.224601046394264,-4.958607314841775,-5.016061305999756,-5.244080696349383,-5.093,-4.916191546989125
-5.062255,-5.143607622909429,-5.140246469599568,-5.149811622839198,-5.090927,-5.316006627350409,-4.964394210736952,-5.196889529047508,-5.049813,-5.232266780913092,-5.09849911151109,-5.160878326053045,-4.769551078621726,-5.357720851898193,-5.345999200394678,-5.221,-4.838750696679796
-5.354233,-5.325074518856084,-5.7995356101861555,-5.107674176362567,-5.399546,-5.219304707155508,-5.974691807925378,-5.56398893999395,-5.2157993,-5.242186743825913,-5.958008731865819,-5.427876733537975,-6.3979400086720375,-5.204277038574219,-5.356110666847396,-6.004,-5.023724174068938
-4.9995146,-5.4636984495004715,-5.145952497411118,-5.176679377341987,-5.28661,-5.512648248157313,-5.515289804922629,-5.094727049704563,-5.0889044,-5.44621580967916,-5.2014529765675315,-5.007440068412457,-5.903089986991944,-5.240378856658936,-4.980283143596591,-5.509,-5.417651808505288
-4.8499684,-4.947668648088317,-4.92001546293204,-5.01951352966892,-5.422276,-5.250665951019833,-5.169718725558073,-5.226519593465381,-5.0114546,-4.706099567466056,-4.786098677399372,-5.00985258334202,-4.070581074285707,-4.805716037750244,-4.9635992916047975,-5.038,-4.966719213310249
-4.752839,-4.666661338908916,-4.61495596193098,-4.882699592246966,-4.989898,-5.0358314848495445,-4.8813118970048235,-4.846420991644236,-4.671289,-4.462100234806818,-4.336551868231922,-4.716870513804353,-3.9746941347352296,-4.593687057495117,-4.842573663012412,-4.884,-4.884105654955289
-5.0535364,-4.731263326157621,-4.871031031922976,-4.9801473935078775,-5.008843,-4.937462332549223,-5.013070696761159,-4.991152540512989,-4.795181,-4.733655354593309,-4.682289366684732,-5.067469196061827,-5.2839966563652006,-4.917473316192627,-4.631565744502808,-4.73,-4.922883690022919
-5.4402595,-5.017452060018549,-5.564778265847767,-5.1617824632898115,-5.377279,-4.908518854797893,-6.215199317582589,-5.683107951575595,-5.6432533,-5.212745989972767,-5.236955345467048,-5.482266944937727,-4.142667503568732,-5.432981967926025,-5.485697334248908,-4.839,-5.119145370787653
-5.4163294,-5.178732635117127,-4.908229699631622,-5.194292238777843,-5.6674075,-5.828100853689992,-5.161048716922337,-5.5850942711345235,-5.1743526,-5.620993762551699,-4.8970651698956225,-5.5399260695224495,-4.823908740944319,-5.305819034576416,-5.389888776525772,-5.95,-5.62042813487234
-5.574879,-5.4887615449740546,-5.451408813454946,-5.234203083956898,-5.580953,-5.7871632556826995,-5.519415469413658,-5.426670615280879,-5.4471736,-5.541068603178655,-5.419331058964609,-5.336779304415056,-5.698970004336019,-5.608508110046387,-5.8153787338583465,-5.265,-4.935780784474382
-5.7967567,-5.8512691170100215,-5.620825813394454,-5.486080566014828,-6.0084076,-5.779793067265574,-6.150479256864786,-6.036308978031065,-5.99514,-5.903535197030699,-6.7488141980407415,-6.080592194309198,-6.7447274948966935,-5.87180757522583,-6.075635358972043,-6.5,-5.67020714179995
-4.660673,-4.7978236040794915,-4.462077865115696,-4.9885008458965885,-5.006824,-5.386221107814463,-4.796668098041252,-5.065255326378502,-4.9480867,-4.878437812206865,-4.772723248758311,-4.99534207834609,-5.823908740944319,-4.189557552337647,-4.539528060773908,-4.687,-4.874909742372979
-5.9671926,-5.5627202717990825,-5.876854886483166,-5.665040741631763,-5.5446,-5.77335258012048,-5.163907861958998,-5.692746967993971,-5.527648,-5.739796885121121,-5.480628122765599,-5.584861890580159,-5.522878745280337,-5.451596736907959,-5.161635857009211,-5.68,-5.415821745793959
-5.070637,-4.925309648892637,-4.859794108719623,-5.174880937303885,-5.4314356,-5.767932877486936,-5.169950287418776,-5.462712974969258,-5.425272,-5.494010918717308,-4.873461235200306,-5.3994121496544345,-4.769551078621726,-4.620152473449707,-4.897746664861426,-4.789,-5.100081436387842
-5.7053432,-5.445623436337919,-5.516713752165881,-5.151548063299074,-5.389131,-5.689732900952765,-4.660218677959559,-5.5817795842972355,-5.313462,-5.808684451042649,-4.954842263661585,-5.415154829889943,-4.769551078621726,-5.796042919158936,-5.845190225355712,-5.465,-5.6583712592868505
-4.9475055,-4.684859431973659,-5.062647428881094,-4.956522363896169,-4.802671,-5.385239260616139,-4.881642666936435,-4.765838241123027,-4.834045,-4.681568174994265,-4.903342967192588,-4.7617656045040455,-5.962573502059376,-5.134849548339844,-5.258693556087481,-4.612,-4.900841171061885
-4.8779655,-4.507470937790708,-4.995491939811738,-4.91533603550158,-4.818745,-5.387896074793958,-4.928748211041276,-4.773275935225368,-4.852097,-4.489552508122506,-4.921404566304883,-4.771452002991219,-5.8696662315049934,-4.968064308166504,-4.957671558430736,-4.61,-4.910412539361637
-4.757027,-4.298570873782211,-4.681310594768263,-4.847444204670404,-4.588837,-5.180223398147442,-4.3698557240419005,-4.673492931750846,-4.5865297,-4.232132814410444,-4.343954702008216,-4.6830478867266,-5.363512103646634,-4.480632781982422,-5.132152896808011,-4.627,-4.689329330210825
-4.924917,-5.425007936501288,-4.978109306925027,-5.150957155751381,-5.3635073,-5.825798582016851,-5.172694252506227,-5.235753447881784,-5.2379375,-5.26521558395299,-5.312200382928895,-5.230276273614907,-5.017728766960432,-5.399698257446289,-5.770238677786532,-5.303,-5.610799137411405
-5.0618873,-5.599029537189038,-5.332491015398339,-5.258488642958926,-5.246297,-5.874532605488278,-4.917533234274264,-5.240852973221316,-5.2766747,-5.292532695272363,-5.3306827747068555,-5.180795339960139,-5.221848749616356,-5.725435733795166,-5.526909033619681,-5.425,-5.778976351321643
-5.0477796,-5.652708226072755,-5.437643067905355,-5.094785265778175,-5.1426477,-5.133872523442328,-4.961505961389236,-5.099845098567749,-5.2403693,-5.54701636746023,-5.191572185891272,-5.120893880058853,-5.122628654130226,-5.418139934539795,-5.284351541368986,-5.219,-5.039410412131604
-5.8152537,-5.815276289403529,-5.711350250664623,-5.307068311708877,-5.8830543,-5.848350925343092,-5.620587072576675,-5.8974815488551435,-5.9570336,-6.159822856976282,-5.272836141013072,-5.786716950287493,-4.6777807052660805,-5.702127456665039,-5.42925891895447,-5.694,-5.629547709026712
-5.93393,-5.655186608882127,-6.272110150485962,-5.650111917093904,-5.152224,-5.575291643196093,-5.111543196487504,-5.5376327091646464,-5.7166395,-6.091123865701807,-5.291776458551659,-5.570127873764207,-6.522878745280337,-5.835604667663574,-6.046304109008789,-5.569,-5.388853377168109
-5.91066,-5.883002251441866,-6.004004037924903,-5.554233705894681,-5.3316197,-5.338799932942341,-5.20612263242019,-5.3323495035092074,-5.6746926,-6.086277240972422,-5.22776206181625,-5.394283379879786,-6.154901959985743,-5.96496057510376,-5.892829005493564,-5.114,-5.300298490973154
-5.9558587,-6.040633930923898,-6.04610421501668,-5.384059504810328,-6.0621696,-5.900982538990433,-5.864841057171349,-5.809941301567361,-5.9007645,-6.1424930199648395,-5.917883524007793,-5.800857825546587,-5.221848749616356,-5.830986499786377,-6.056564980196296,-5.391,-5.660701448416014
-5.3051147,-5.213235944462456,-5.840311714253888,-5.254212476193718,-5.6280766,-5.532710837938414,-5.3771630785420585,-5.476990576942056,-5.6641054,-5.607973468993887,-5.674123999599641,-5.529470993242862,-5.267606240177032,-5.421443939208984,-5.136418112491683,-5.639,-5.486082510772911
-5.862146,-5.636751696007255,-5.859446859735448,-5.580724130241064,-5.232831,-5.483210876317775,-5.334574192261766,-5.390248532331605,-5.5286813,-5.989641014955074,-5.195187943765463,-5.4283175052265955,-6.0,-5.944120407104492,-5.746624843359251,-5.45,-5.350627602313592
-5.453193,-5.701867414962964,-5.005058336893436,-5.321748253111471,-6.0895996,-5.741097736280556,-5.678902214798675,-6.086441265421325,-5.973883,-5.896931873829985,-6.053424917814978,-6.006404099765102,-6.292429823902063,-5.253989219665527,-5.393101323858833,-5.664,-5.663329407459503
-5.7407727,-5.430417450069468,-5.971687972953707,-5.110211214842373,-5.361653,-5.378602373463433,-5.479996953834996,-5.336805758660592,-5.500952,-5.426684781035863,-5.064888837968438,-5.378485258655631,-4.167491087293763,-4.9700446128845215,-5.262260605019268,-5.444,-4.8207611592468735
-5.6391997,-5.75219868598248,-5.418716286088406,-5.370458404671474,-6.355292,-5.818692911421711,-6.340152605912773,-5.891081535789667,-6.280104,-5.943707611847749,-6.082754321641442,-5.86407880238358,-7.327902142064283,-5.264926433563232,-5.593369581475002,-5.635,-5.283514382743176
-5.82414,-6.060637760588683,-5.864671659832197,-5.716875912303621,-5.461841,-5.617207363729066,-5.56463559899055,-5.502782845500524,-5.809939,-5.897386756598975,-6.336070017127101,-5.5051416403610425,-6.136677139879544,-5.873254299163818,-5.691502039921536,-5.772,-5.795665941182888
-6.038103,-6.509078641116294,-5.91093457958657,-5.690268725810283,-5.529096,-5.603116224800728,-5.667698860543418,-5.808264997893912,-5.717377,-6.238632176080972,-6.687142415179185,-5.883070768430035,-5.705533773838408,-6.017307758331299,-6.113240868123182,-5.982,-5.808985630234803
-5.0581956,-5.299512401971555,-5.189593980138899,-5.118792973723052,-5.0040073,-5.1995517220234735,-4.7016802511543245,-5.012332767307155,-4.951325,-5.153256921735555,-4.990370829251153,-4.9381701118920525,-4.490797477668897,-4.917933940887451,-4.7371037578395,-4.774,-4.941236325818079
-5.213832,-4.824134551271156,-4.829417100065483,-5.070466047615394,-5.1794286,-5.681535101601261,-4.707984601541386,-5.160058058327543,-5.08375,-5.075806539487533,-4.842058692736107,-5.048395516423571,-4.173925197299174,-5.042266368865967,-5.108974308855752,-4.761,-5.020480272086962
-5.137931,-5.353702255663949,-5.082518104765655,-5.241843208779813,-5.304063,-5.066110940146875,-4.913470689937388,-5.049921924378476,-5.1102858,-5.250434556426885,-5.103863272716659,-5.178462374358232,-4.30715308072277,-5.524222373962402,-4.657182358488374,-5.467,-4.901508853207205
-4.9216948,-4.1936911678697495,-4.618144183767353,-4.85800893076163,-4.7322826,-5.149376512993661,-4.536503386382883,-4.908941184930824,-4.7889433,-4.327798764056458,-4.6460512998148324,-4.86052330760574,-5.356547323513812,-4.482154846191406,-4.757625500214515,-4.833,-4.96006471978857
-5.341695,-6.025421759342985,-5.492949098291437,-5.2616280178692065,-5.4831686,-5.847395652731916,-5.159533812704864,-5.288781421404839,-5.3218465,-5.675700561416737,-5.354260487280094,-5.203507984670012,-4.7447274948966935,-6.103672504425049,-5.46679346274396,-5.434,-5.505684586818792
-4.9386373,-4.968974851583164,-5.282113406457321,-5.174498218473777,-5.0063515,-5.37907381581921,-4.804377934459254,-5.115108172249208,-5.023197,-4.93141166093805,-5.10271559045658,-5.08796876473369,-6.221848749616356,-4.747845649719238,-4.844616722091841,-4.595,-5.000846667461917
-6.0356507,-6.656227767465904,-6.489803486347702,-5.77906831484813,-5.7193165,-5.726551199505183,-6.018722156049959,-5.8349155578712555,-5.8603563,-6.327035716361929,-6.4685540115436035,-5.923441167061247,-5.739928612014925,-6.20506763458252,-6.174645441748665,-6.04,-5.880949400445804
-5.50185,-5.915530553413376,-5.6014115836219345,-5.517109365151623,-5.5653853,-5.311889361767836,-5.544327367073505,-5.512541844458496,-5.852668,-5.818717647282323,-5.75196951220225,-5.545581598980002,-4.614393726401688,-5.376162528991699,-5.703084957468279,-5.388,-5.662667576772098
-5.016303,-4.93852147800056,-4.831193089547554,-5.099448126783802,-5.417368,-5.738442188237871,-5.4592580707673175,-5.7143095554156,-5.3601794,-5.139030699950577,-5.456890372438678,-5.691598058525745,-4.721246399047171,-5.167514801025391,-5.012088285556618,-4.855,-5.254171313486749
-4.924234,-4.854496084817207,-4.6980431690378595,-5.012006825012857,-5.116896,-5.499850389593652,-4.841079493112926,-5.343898401834696,-5.1971817,-5.248886964745477,-4.927733689172906,-5.411379167371998,-5.102372908709558,-4.243445873260498,-4.642465977593424,-4.666,-5.117702303099754
-4.907969,-5.074994671953453,-4.876345811048997,-5.065492734522011,-4.799065,-4.968899037918115,-4.6364962715252505,-4.900680908586613,-5.0534873,-4.879081651539689,-5.175861122361264,-4.912999978487888,-3.913640169325252,-5.063078880310059,-4.859979712416195,-4.916,-5.045657305413739
-4.747192,-4.517255008816425,-4.677613958052937,-4.8293038185234085,-4.6140914,-5.146411953683529,-4.955774115156168,-4.668917895653305,-4.4525027,-4.517228255381106,-4.790936511126556,-4.693583643028237,-5.552841968657781,-4.559511184692383,-5.305599584022441,-4.725,-4.659995933183354
-5.770327,-5.456631695506181,-5.856051451090852,-5.456120802746303,-5.48074,-5.170106528584409,-5.974727709960407,-5.733606628211676,-5.778965,-5.727154673349866,-5.585086664134827,-5.519633243197951,-4.251811972993799,-5.605983734130859,-5.556172930369811,-5.038,-5.193409726370337
-5.297161,-4.697205379422529,-5.131557697765731,-5.087221225368665,-4.557343,-5.550728084748074,-4.7025865882116875,-4.509520344866116,-4.235997,-4.63971545330493,-4.281215168777632,-4.49137284298714,-6.130768280269024,-4.624633312225342,-4.5948789522266855,-4.865,-4.670254963277493
-5.886081,-5.699998428637574,-5.909053654494871,-5.549993934100319,-5.221159,-5.424359202075161,-5.268122694908695,-5.351636911253471,-5.7579646,-5.98883217354347,-5.515941271183603,-5.398107645867302,-6.221848749616356,-5.886821269989014,-5.8891894929134425,-5.248,-5.447278952569768
-5.814293,-5.986216994483816,-5.837208816920371,-5.625376200261852,-5.8148518,-5.550768610432179,-6.084423896767675,-5.856692630085063,-5.84957,-6.038620659991934,-5.900831364962319,-5.868382757788445,-4.723538195826756,-5.476112842559815,-5.309714036060144,-5.177,-5.762737169734167
-5.619997,-5.488756730519233,-6.108553097439246,-5.142908235731187,-5.4793324,-5.305789300265807,-5.589979791645626,-5.332388902937648,-5.6378007,-5.444440396920216,-5.305951209222114,-5.276670570960072,-4.2839966563652006,-5.074001312255859,-5.262508391439136,-5.502,-4.968732711527946
-5.139103,-5.293607145551517,-5.511967937296799,-5.060899358209997,-5.6563725,-5.452622408955085,-5.340427558387954,-5.343009240403118,-5.489641,-5.558804863128384,-6.215841528375396,-5.328329304056373,-7.581698708680254,-5.100565910339356,-5.645726663836277,-5.179,-5.525191172460991
-5.3329663,-5.532616209514827,-5.386096932838881,-5.210776177269818,-5.150072,-5.368262145722623,-5.006007315451444,-5.271264292294355,-5.260061,-5.467426243533238,-5.048442707699603,-5.154771243940118,-5.494850021680094,-5.438681125640869,-5.457569057504527,-5.064,-5.075110965299951
-5.1426997,-5.093787677269068,-4.87715240841404,-5.396475190412255,-6.0842576,-5.65871746178435,-6.0501240157419485,-6.2827905524597085,-5.822936,-5.231234083269194,-6.066157820611277,-6.225917192953824,-5.769551078621726,-5.293886661529541,-4.894387343506247,-5.057,-5.491940185862573
-4.874102,-4.866867312118863,-4.783616431870324,-5.462929414326692,-5.498279,-5.550317749717077,-5.521861195246064,-5.761458472313567,-5.5166044,-5.1447827960985295,-5.758460333704599,-5.662995226602995,-5.236572006437063,-5.066007137298584,-5.153792453967922,-4.972,-5.311136959762567
-4.954587,-5.017038425647238,-5.124460376529099,-5.110130385088413,-5.8006105,-5.853637204333221,-5.772135679044505,-5.585052640399481,-5.5796237,-5.295099625015261,-5.974687298114869,-5.637130327436947,-4.995678626217358,-4.997335910797119,-4.8727051606708445,-4.843,-5.149950606775127
-4.5686183,-4.597600872144118,-4.518228127162121,-4.921338144287821,-4.6725025,-5.401083511665417,-4.7804177791824864,-4.821877427353458,-4.684432,-4.756669441673261,-4.565783168110956,-4.8249067070865905,-5.2441251443275085,-4.351743698120117,-4.636362817116198,-4.608,-4.6778637833894905
-5.6057386,-5.465375228523664,-5.288836126762237,-5.2120323274153835,-5.679167,-5.83516954527495,-5.334106604268493,-5.581768763471592,-5.4430733,-5.838235228076171,-5.224330952391631,-5.4527607007442525,-5.366531544420414,-5.716348171234131,-5.410192953736402,-5.964,-5.513592447227425
-5.047855,-5.722300347032046,-5.283230087627277,-5.130479160621221,-5.3347325,-5.8136568331009455,-5.098178166494044,-5.216276118687419,-5.289842,-5.4431504610619,-5.50923214921635,-5.2265265816698,-4.721246399047171,-6.09620475769043,-5.6495839506440415,-5.382,-5.549563168367166
-5.1296864,-5.338674996523258,-5.074949858959489,-5.246166730218319,-5.1292906,-5.797869483551625,-4.904417134401447,-5.203453903814113,-5.0768948,-5.060821631710809,-5.102194673981092,-5.157884203145742,-4.958607314841775,-5.182332515716553,-5.593983855787087,-5.414,-5.764607711445485
-4.95845,-4.667326093133341,-4.909254475495764,-4.815928464133648,-4.616678,-5.332695750726723,-4.7394086278432725,-4.662650919658416,-4.7221246,-4.433471590574886,-4.724961832068675,-4.6289712176016575,-4.503070351926785,-4.989804744720459,-5.466469031410586,-4.625,-4.755713735299276
-5.239184,-4.702431233224354,-4.970445506196889,-5.052165316712639,-4.9497247,-5.290834892249712,-5.025063967174388,-5.02135483363655,-4.909672,-4.854556342258248,-4.974845164068427,-5.083416015190025,-5.619788758288394,-5.150969982147217,-4.681598206033906,-5.228,-4.631001535750652
-5.665245,-5.4944881419071985,-5.378731505145015,-5.023882680496506,-4.833411,-5.554227705120976,-4.783211416340937,-5.047573032111558,-4.977555,-5.296838779836552,-4.946607621684337,-4.986317430942781,-4.962573502059376,-5.476481914520264,-4.863612906640059,-5.01,-5.203699264888148
-5.1825423,-5.380868951892332,-5.550409327656949,-5.152160859657505,-5.725047,-5.486933918728907,-5.664785616084111,-5.351231039086279,-5.546821,-5.736688800716722,-6.21985951701678,-5.357867700058005,-7.718966632752273,-5.302561283111572,-5.54093149871567,-4.877,-5.230213269731671
-5.030036,-5.150244174993472,-5.005076801396082,-4.914255658257321,-4.9992895,-5.294229372351347,-5.2668196837763235,-4.792326445322049,-4.858436,-5.228506692196213,-4.940509918572787,-4.80369545777049,-4.090443970758825,-4.964947700500488,-5.563533536659384,-4.929,-4.814337066880622
-5.0744734,-5.448183331159539,-5.292428023020195,-5.138336045988927,-5.6595926,-5.510772220885736,-5.601821188274342,-5.5433614733780665,-5.3844843,-5.526606342818614,-5.261816222859987,-5.409770502480887,-4.638272163982407,-5.4400954246521,-5.234966142237686,-4.875,-5.375565158950708
-5.26312,-5.467216182420524,-5.303990536831484,-5.182898168247286,-5.125039,-5.738429680973104,-5.012235905006303,-5.186261659898101,-5.0414095,-5.22040598480297,-5.3180880771384755,-5.137687945315731,-4.721246399047171,-5.411284923553467,-5.586357506866661,-5.336,-5.8861065366840215
-5.1388345,-5.381161587157799,-5.150613223511494,-5.30173333739833,-5.363647,-5.7204769610166535,-5.129871418353795,-5.279955184082889,-5.2875524,-5.30049463592341,-5.0871552562895115,-5.241576859706591,-6.050609993355088,-5.713037490844727,-5.456271785141427,-5.184,-5.5275297345644745
-4.9832325,-5.069349392858151,-5.0275289078730845,-4.881417481344528,-5.237334,-5.8534891519410515,-5.173617551764104,-5.321347406339845,-5.3381834,-5.350680687742155,-5.320577601628346,-5.287240412606842,-6.568636235841013,-5.151773452758789,-4.920696235628582,-5.562,-5.318121829677877
-4.829879,-4.376002414760487,-4.6805117350062755,-4.8233042319851105,-4.5135756,-5.348282900270792,-4.694184942923687,-4.648220804883453,-4.591185,-4.434990742995378,-4.421364823498596,-4.652881229432459,-5.241088107602026,-4.547204971313477,-5.2123192718396405,-4.621,-4.807430498711367
-5.517362,-5.553489643339425,-5.3951431693384935,-5.635005562569949,-4.983391,-5.3403582739202475,-5.166826576071103,-4.916718617278711,-5.1647577,-5.257006316952594,-5.118722622249829,-4.94983583108779,-5.091514981121351,-5.295232772827148,-5.368281862270756,-5.628,-5.25171780103237
-5.8387623,-5.7491063190744205,-6.19771730047842,-5.596709012448855,-4.959811,-5.038990089948457,-4.613171907780498,-5.0991114333614105,-5.449767,-5.580437543763984,-5.348264488971641,-5.17404017868958,-4.366531544420414,-5.661868572235107,-4.901757566705713,-5.535,-5.242024302796846
-5.1740594,-4.966739773474675,-4.740652901519252,-5.222654927154234,-5.3928523,-5.46232599250859,-5.664792530751603,-5.528796306119526,-5.640763,-5.454836433174087,-5.4632703096217305,-5.561906367943843,-5.634512015109101,-5.547508716583252,-5.511120553105702,-5.407,-5.096731755830289
-5.0770845,-4.945767761359621,-4.974991996838977,-4.816019710516774,-4.9545875,-5.678690733430958,-5.039056253508628,-5.027074375870968,-4.9164677,-5.282889117312357,-5.090905436871677,-4.958721016591585,-5.769551078621726,-4.943303108215332,-4.616975266147999,-4.93,-5.306486195988544
-5.189902,-5.449266087379979,-4.697473234189846,-4.912615681728257,-5.1138945,-5.626704910273551,-4.977926179659294,-5.194330379169683,-5.304154,-5.743156997147225,-5.326169873525618,-5.156473238371817,-4.356547323513813,-5.685015201568604,-5.297540276708211,-4.599,-5.041327842499114
-5.658192,-5.535876796369694,-5.479296345614209,-5.124264500618898,-5.362068,-5.510919203650808,-5.808995159015759,-5.5358463986232795,-5.147144,-5.426881940919857,-5.5978639460816755,-5.3843433904746965,-6.275724130399211,-5.549238681793213,-4.847853718211525,-5.009,-4.821841792636016
-4.828878,-4.317718888885529,-4.857427767553117,-4.875990212558244,-4.6781354,-5.369968095086884,-4.5961469895206255,-4.7758182057138425,-4.719694,-4.2288451697441225,-4.851405665353238,-4.6916517344922966,-6.614393726401688,-4.789398670196533,-5.437727723119047,-4.564,-5.095928219770599
-5.0387526,-5.040767693176752,-4.895564217221463,-5.133706849822757,-5.501633,-5.578405778822918,-5.561157445503098,-5.599770873653123,-5.1944437,-5.215823000056593,-5.288968789994809,-5.597205919796607,-4.703334809738469,-5.122912883758545,-5.011969978981536,-5.004,-5.147698170817839
-4.9626236,-5.577991439150945,-4.971216253109432,-5.115302648406985,-5.3987384,-5.807993919202686,-5.198720613391827,-5.404431760831917,-5.2777357,-5.297668850037152,-5.036123458858915,-5.4121346888664235,-4.958607314841775,-5.543750286102295,-5.157673272006897,-5.222,-5.756870159259343
-4.9118085,-4.244223135982544,-4.879667439643698,-4.812749580859208,-4.948506,-5.457531030857295,-4.841922257546484,-5.033904696218136,-4.6402025,-4.65517582030146,-4.801930493864604,-4.93020767647096,-4.823908740944319,-4.717352390289307,-4.863512695651466,-4.944,-5.175978998356303
-4.6906934,-5.199941560251453,-4.768940025051325,-5.12786582501736,-5.3182077,-5.5878054982526075,-5.105361899448293,-5.368770636684123,-5.378266,-5.032373600224117,-5.211283078837828,-5.332340481009147,-4.309803919971486,-5.177974224090576,-5.004163185239743,-5.256,-5.7615360040112495
-5.1635046,-5.372867838760696,-5.292507253903968,-5.177765236453982,-5.4271975,-5.515455244669339,-5.324966688607154,-5.401542075512687,-5.580259,-5.63592527223668,-5.789963418213274,-5.3793949893799855,-6.154901959985743,-5.112851619720459,-5.119727268495354,-5.353,-5.402090356632316
-5.2791877,-4.965225166968121,-5.61063680370093,-5.0758481835006695,-5.180504,-5.526975187555702,-5.243482822400246,-5.3215220018935065,-5.3987584,-5.252122285234013,-5.278484559219561,-5.264157813930094,-4.6020599913279625,-5.109971046447754,-5.347384714874818,-5.118,-4.810632516573525
-5.571269,-5.982407396253617,-5.257782584331705,-5.338934539497259,-5.5667,-5.524085996440177,-5.70997264821116,-5.559292225789407,-5.4655046,-6.064917985718725,-5.262159720692373,-5.56557163392922,-4.774690718274138,-6.075563907623291,-5.638357578870108,-5.582,-5.559571355699606
-5.2905083,-5.2863094663519075,-5.655321557553936,-5.113814874923608,-5.166594,-5.203072667590822,-5.125766392929489,-5.484861593319348,-5.3360963,-5.338126893981808,-5.234369578929046,-5.376030324020311,-5.853871964321762,-5.46519136428833,-5.482503834901625,-5.546,-4.938349843974377
-5.452031,-5.817608444095274,-5.325114015248505,-5.314456035242367,-6.0957513,-5.70184466766922,-6.09247327346807,-6.020823859296848,-5.7049665,-5.930920984302774,-5.701218483002182,-5.828685177024172,-6.356547323513813,-5.486245632171631,-5.114124605459067,-5.978,-5.615651535880806
-5.6638536,-6.007419665822764,-5.570836677217695,-5.525574294328005,-6.4116073,-5.843635725334088,-6.362855487034453,-6.156760168216958,-6.321495,-6.022709124127515,-6.9795487349895575,-6.207937554504201,-6.795880017344075,-5.9039177894592285,-6.026268461939124,-6.377,-5.795620900355511
-5.4327955,-5.416840369042616,-5.249478865342194,-5.024418449803491,-5.1967254,-5.5509245501922315,-5.100012655879404,-5.338001298129539,-5.135197,-5.325143571667196,-5.0861204698016085,-5.187876997093154,-4.767003889607846,-5.476650238037109,-5.0478957345380815,-5.126,-5.166115437313052
-5.0660663,-4.996995788563023,-4.965675991001093,-5.177092482777461,-5.249165,-5.363667824210148,-4.893946475554086,-5.317764845342497,-5.14567,-5.056964799178793,-4.937195190757781,-5.273194012198571,-5.022276394711152,-5.229426860809326,-5.009171342056503,-5.227,-4.827541921070943
-5.080961,-5.502147997978804,-5.110731165333467,-5.545972908904502,-5.5234118,-5.304826303087096,-5.7621565739550284,-5.4963200881861844,-5.603202,-5.706833799121588,-5.542693030855322,-5.56686379696181,-4.661543506395395,-5.126274108886719,-5.534522873588471,-5.383,-5.700610470208007
-5.018737,-5.457552991200657,-5.041616560463033,-5.449928322433505,-5.360842,-5.6674940247139745,-5.193885151974922,-5.417547131752747,-5.332991,-5.640505788954696,-6.187096457850741,-5.4362277317671825,-5.585026652029182,-5.251204013824463,-5.131651911552803,-4.802,-5.122900505408573
-5.231153,-5.480055407068095,-5.359965590383005,-5.322957608116792,-5.254528,-5.341947605272265,-5.251186353732046,-5.174292443920187,-5.0737224,-5.24292189570265,-5.220622554096156,-5.137306084693857,-5.1938200260161125,-5.549980640411377,-5.017406041830021,-5.917,-5.253296164436351
-4.888609,-4.59827221916931,-4.956355438781334,-4.867129265292254,-4.617148,-5.193367194486123,-4.611741113039688,-4.735070227402442,-4.6164126,-4.329900449885781,-4.447719501390132,-4.6696964553733755,-5.560667306169737,-5.021885395050049,-5.370089855848867,-4.654,-4.671132066021898
-5.209995,-5.359898218370977,-5.056074866179047,-5.326495507343822,-5.3089886,-5.812726780738023,-4.857908468425883,-5.376452628161697,-5.147845,-5.204492626911248,-4.941756109280918,-5.331213511114039,-5.886056647693163,-5.329127788543701,-5.755045911413129,-5.345,-5.733792586686615
-5.1084127,-5.318403637483724,-5.234610618696364,-5.158013052718297,-5.209877,-5.345623289449769,-5.1536881569892925,-5.338534827857305,-5.3509126,-5.4721769452461055,-5.309348598475752,-5.281299636816601,-4.7447274948966935,-5.216418743133545,-5.41739104818634,-5.188,-5.0108069652308895
-5.621108,-5.435408181009453,-5.246103507972144,-5.238118479037778,-5.046179,-5.666317431897607,-4.758379627662917,-5.43478234708628,-5.271569,-5.60038417733268,-5.126495373195192,-5.497647490552808,-4.920818753952375,-5.8772053718566895,-5.114533486734264,-5.86,-5.18457439063386
-5.029471,-4.810199109025408,-4.818867258542439,-4.836084579084943,-4.977082,-5.3985627640805856,-5.2625489729705945,-5.15608992271653,-4.912165,-4.7794576222638145,-5.3296950657444695,-5.114209109552007,-4.481486060122113,-4.964271068572998,-4.889318349281252,-5.107,-5.220012552110411
-5.7188773,-5.48123577841938,-5.328292907999961,-5.263564862716606,-5.2405787,-5.675227509341061,-4.725930757267354,-5.4335705588487535,-5.3939347,-5.638493584968474,-5.245190135912392,-5.503737748591143,-4.769551078621726,-6.040477275848389,-5.066226819173139,-5.888,-5.206351014727636
-5.2452965,-5.01402454678983,-5.238463675163045,-4.9597142357691215,-4.9390974,-5.595470421391657,-5.113309599785009,-5.045739702546379,-4.8080974,-4.923479391930443,-4.849749278705154,-4.923083407122549,-4.935542010773082,-5.413879871368408,-5.12225022067013,-4.999,-4.895534707157518
-5.5476284,-5.457901224119738,-5.399313097573281,-5.128407944927189,-5.535136,-5.593429048918031,-5.337355727317606,-5.377836907722722,-5.054024,-5.139158331303108,-5.034988891006168,-5.254596351763025,-4.494850021680094,-5.135876178741455,-5.202444006217879,-5.15,-5.401415225427083
-5.378286,-5.672880540328359,-5.471846688668651,-5.143277018606215,-5.693036,-5.52627381831824,-5.775333599802396,-5.587376251188075,-5.8194966,-5.749293345173039,-5.707449121406539,-5.555254385327318,-5.168770306132936,-5.501990795135498,-5.021530093355678,-4.846,-4.899655057444528
-4.841393,-4.754480766453331,-4.85576736603451,-4.71068275077021,-4.6723914,-5.232043360468737,-4.484969133440951,-4.691389906544925,-4.6921234,-4.496491020795062,-4.8510830164195875,-4.681747890760872,-4.571865205971212,-4.717306613922119,-5.070941799613678,-4.579,-4.804696905453928
-4.892355,-4.816765806662241,-4.587375534612696,-4.928457594066768,-4.609259,-5.48249310602709,-4.864593577362318,-4.837058450165179,-4.85727,-4.895208969752432,-4.71037870781567,-4.815628906888955,-6.522878745280337,-4.619268894195557,-5.165510194087171,-4.712,-4.797063986574462
-5.0009494,-5.325050242690777,-5.025108065297421,-4.9652955706121995,-4.9609137,-5.424233267449184,-4.72165474980914,-4.905392588504637,-5.015409,-5.538080016655865,-5.2036214457957355,-4.891602185863877,-4.721246399047171,-5.017183780670166,-5.088940891794179,-4.769,-5.13770007436307
-5.111507,-5.539940818318837,-5.336414390647558,-5.241923890332708,-5.252795,-5.428604601200272,-5.148769247744064,-5.352837763135368,-5.351016,-5.644410214545988,-5.2220350401574755,-5.3581252726521065,-4.853871964321762,-5.486250877380371,-5.561372612360642,-5.363,-5.176354170162546
-4.5892186,-4.846718143538077,-4.230319249633102,-4.983502017686511,-5.165598,-5.334625571036517,-4.77960016926981,-5.19079772347164,-4.9618096,-4.8828345473682395,-5.159641019622725,-5.039343791357006,-5.698970004336019,-4.153331279754639,-4.811404700548113,-4.731,-4.845193421319936
-4.994814,-5.375699479515864,-4.911857869835443,-4.8906168878469725,-5.4173975,-5.557826802976938,-5.2667656715271605,-5.488838600768686,-5.4514623,-5.418215379477629,-4.812597847780957,-5.42650136791837,-4.698970004336019,-4.811188220977783,-4.928726030179482,-5.664,-4.698745788861547
-4.911091,-5.5725609721830125,-4.990231273920577,-5.149591614916772,-5.3303638,-5.829480687716305,-5.139054009453558,-5.2334176921057685,-5.259791,-5.347755809044434,-5.352089592220688,-5.230510508241862,-4.769551078621726,-5.483798503875732,-5.461779684448469,-5.303,-5.600834720524031
-6.0378957,-5.762276432096544,-5.776505143806804,-5.2787945930353875,-5.1462326,-5.3928934754177265,-5.203300011353942,-5.214357120668882,-5.6056585,-6.01431114340215,-5.378287309234255,-5.168048983686864,-5.886056647693163,-6.240748882293701,-5.8814486237858405,-5.566,-5.330285364961926
-5.02481,-5.1971808136841755,-5.282640654102629,-5.006759904280004,-4.5636964,-4.8244687169486955,-4.622373012976246,-4.595349206718506,-4.772789,-4.922508853233873,-4.6581844949647655,-4.590942560890704,-4.277366077466188,-5.116652965545654,-4.698066490576895,-5.111,-4.5596143651229415
-6.1468487,-6.054362039282978,-6.748287888646888,-5.494169158047306,-5.34506,-5.484927531804757,-5.807611573290385,-5.872463651759258,-5.754144,-5.864146898026862,-5.585882662867737,-5.876047641607934,-5.096910013008056,-5.904200077056885,-5.938383610777807,-5.818,-5.2713645425654
-5.2905083,-5.2863094663519075,-5.655321557553936,-5.113814874923608,-5.166594,-5.203072667590822,-5.125766392929489,-5.484861593319348,-5.3360963,-5.338126893981808,-5.234369578929046,-5.376030324020311,-4.805514406879063,-5.4659857749938965,-5.506556376962321,-5.644,-4.908470721503406
-5.8068137,-5.70470972473879,-5.568730613397823,-5.482025805069337,-5.4024715,-5.409404155876982,-5.788419024818698,-5.649242425968688,-5.866464,-5.718513152274303,-6.058186789347591,-5.647977104582326,-4.913698534395071,-5.774354934692383,-5.769155544273302,-4.986,-5.540487980600799
-5.541732,-5.024753135427694,-5.492079720306834,-5.281721109772431,-5.1520643,-5.345899515387101,-4.679403514509972,-5.407398145112531,-5.1861053,-5.219654052609624,-5.271294883092244,-5.650758829231246,-5.329896959979989,-4.939302921295166,-5.263421939805816,-5.477,-5.430352070691471
-4.736884,-4.280630529285425,-4.706825167490453,-4.629533390570482,-4.6801586,-4.760871234565219,-4.82315909546795,-4.760887570259478,-4.6935897,-4.28278190141112,-4.182222396922646,-4.685923077574376,-4.416341332625912,-4.860884189605713,-4.469318486034868,-4.433,-4.910424819723973
-5.13861,-4.90834563569369,-5.063455377142504,-5.029954572975908,-4.6649165,-4.876722695510359,-4.825389255094082,-4.76224302720532,-4.654458,-4.768814042175533,-4.63203979024188,-4.744657666337883,-5.037860356969059,-5.390291690826416,-5.480227112786904,-5.065,-5.120258293060523
-6.0745373,-6.1963839004917585,-6.087823154419511,-5.622290083752063,-5.658796,-5.202285993962939,-5.872675150458497,-5.684492088712799,-5.7994,-6.034919106839684,-6.031842413715488,-5.670179448808255,-5.603804155250873,-6.211221694946289,-6.124913752558849,-5.53,-5.616038925492681
-4.765793,-4.6354838513458105,-4.86861892696238,-4.683690976902978,-4.842725,-5.097237955792805,-5.082576320032241,-4.954542958777313,-4.849337,-4.422642049507389,-4.536357998288931,-4.647489443151672,-4.481230977250357,-4.641947269439697,-3.968864065669585,-4.298,-4.528845936538096
-6.1227436,-6.0119788536615335,-5.832043430551052,-5.517828958830182,-5.497257,-5.306669048543369,-5.721579158755173,-5.455525647933131,-5.5003843,-5.951107554839099,-6.153377782788421,-5.4198536780401225,-4.824875990832918,-5.941444873809815,-5.934809372392851,-4.884,-5.725870213122493
-5.136078,-5.0981364766763,-5.179065044258666,-5.172443082915952,-5.146275,-5.560066364417209,-5.315450970245548,-5.213418244165276,-5.0481124,-5.340164273314787,-5.222853146779416,-5.215018985969414,-5.136636395486714,-5.017112731933594,-4.8723709846666985,-4.95,-4.883473389528932
-4.672998,-5.1925777019542885,-4.445296791702287,-4.999039774980159,-5.766096,-5.453461921946898,-5.629360115255934,-5.440345083166569,-5.1689076,-5.319830905566502,-5.735733384046081,-5.338935689496708,-4.812570859967456,-5.324392795562744,-5.054728432870598,-4.778,-5.215480280359181
-5.8054996,-5.628255779687146,-5.583719510802347,-5.510460961266844,-5.8443537,-5.550733628885313,-5.79190493053218,-5.708693976380378,-5.770534,-5.831560760933893,-5.992213516687056,-5.691249195668048,-4.759939013691013,-5.711084842681885,-5.406366770895658,-6.036,-5.467522398448565
-5.767792,-5.22303021300249,-5.819625666998067,-5.419649176088832,-5.3402452,-5.5848661234709445,-5.087505945209456,-5.480253845722345,-5.4525533,-5.4534889680129295,-5.278554541776539,-5.444432050046389,-5.846294772893163,-5.278696537017822,-5.479242448068445,-6.172,-5.611044898643861
-4.8219295,-4.983822554031377,-5.48563537966011,-4.751378583706232,-5.4695425,-4.971036326476895,-6.146514715186986,-5.459453740955147,-5.5834394,-4.870292509047295,-5.776709443544378,-5.41265001105391,-4.949706008702218,-4.689873218536377,-4.64160682051784,-5.033,-4.756857387350312
-5.265431,-5.379228132347741,-5.416567051172845,-5.269312339046113,-5.3848534,-5.5174361994373,-5.677898563557985,-5.164378445527997,-5.141869,-5.469382778530706,-5.5780962718259,-5.140659356053986,-5.544154920623069,-5.400373935699463,-5.10816611675675,-4.913,-5.017431758754004
-6.2252693,-6.1792071270296764,-6.058047388492704,-6.21766181708838,-5.775651,-5.644404064830249,-5.979562870399029,-5.849566895682811,-6.0527043,-5.9381502818450125,-5.989119894004782,-5.74976187873175,-5.866884151655054,-6.126882076263428,-5.972248513648696,-5.73,-6.055343403427059
-6.000091,-5.993832914890718,-5.940461560937897,-5.79998463122771,-5.6275325,-5.505979516925944,-5.8386079403198545,-5.556215311019074,-5.824827,-5.6737290116423935,-5.944394708453948,-5.586968896539728,-5.748445281664315,-5.817059516906738,-5.602949603317208,-5.449,-5.675500940377645
-4.8937826,-5.278978953669419,-5.415755010450919,-4.966218161579002,-5.854623,-5.031059730258011,-5.824506004072575,-5.455741838971682,-5.596164,-5.2503727550853325,-5.586088044696452,-5.489391235920544,-4.357012467086236,-5.136751651763916,-4.782743103431203,-5.289,-4.677755454425184
-4.7712555,-5.065310992720608,-5.562932822316357,-4.8670017218085615,-4.856711,-4.86762328548636,-5.2356016837714465,-4.772908219725672,-4.84174,-4.881351293176802,-5.193260133834857,-4.741140193330408,-4.711919773750041,-5.1499199867248535,-4.82701043654488,-4.859,-4.895161869197565
-5.7519784,-5.421662632203962,-5.391324114153145,-5.654096473906164,-5.5549684,-5.609835434431897,-5.3125228293392235,-5.495026960446777,-5.3989263,-5.330986460297075,-5.104632408556041,-5.530764792955141,-5.258992211774644,-5.354004383087158,-5.308361094797146,-5.507,-5.427661516446858
-6.137207,-5.768435112119873,-6.14681281247068,-5.550576807652048,-6.081946,-5.47856489608469,-5.902962710501383,-5.8853185480385415,-5.7268796,-6.11205259680074,-6.062669056524294,-5.890214635473899,-7.056754637413759,-5.966383457183838,-5.947747554127687,-5.8,-5.466299713219234
-4.981325,-5.25931287977745,-4.911317514050762,-4.929471741570044,-5.55321,-5.582148189424962,-5.573396059262101,-5.351009086189651,-5.3050733,-5.505180257658125,-5.132334669991678,-5.29268323398354,-4.69860658698456,-5.244167804718018,-5.204906748174197,-4.645,-5.126259752329888
-5.0823812,-5.395179061232591,-5.456876961466209,-5.107673651739925,-5.1268444,-5.836814678818128,-5.405465390252739,-5.355734927835801,-5.160427,-5.5182508419560525,-5.060163384374711,-5.383107539711482,-4.453072118679224,-5.207590103149414,-5.297914691582312,-5.077,-5.302797025006693
-5.083864,-5.07581478057312,-5.0052668760072585,-5.079538685911993,-5.1737843,-5.4937982839586725,-5.238106261617479,-5.16176597278794,-5.1639085,-5.321057068063075,-5.322288770919234,-5.173709070010705,-5.093643566617316,-5.162529468536377,-4.891392582015454,-4.963,-4.843195802881122
-5.555114,-5.16861187571263,-5.697367298609207,-5.1975630964691035,-5.2467356,-5.38247204352708,-5.396357109589484,-5.296511464522716,-5.357914,-5.134197707180896,-5.1239325714610935,-5.247581834313818,-4.858349385648225,-4.846391677856445,-5.262059695227814,-5.444,-4.978023825790687
-5.083864,-5.07581478057312,-5.0052668760072585,-5.079538685911993,-5.1737843,-5.4937982839586725,-5.238106261617479,-5.16176597278794,-5.1639085,-5.321057068063075,-5.322288770919234,-5.173709070010705,-5.025061147981562,-5.147447109222412,-4.865839755552993,-4.963,-4.88790671582156
-5.1098247,-5.236846942182753,-5.130149992243322,-5.075986546865297,-5.262025,-5.582579246186639,-5.359404314442236,-5.216082098669017,-5.1793466,-5.080106506234984,-5.429777539862651,-5.220652992809892,-4.611404438564321,-5.520433902740479,-4.800403095006358,-4.913,-5.030684194536323
-5.4433427,-5.82942412747799,-5.627899087922665,-5.367142576768736,-5.3562746,-5.535831134522106,-5.034209031273544,-5.298362422629719,-5.4299846,-5.488217870932157,-5.3411299601680255,-5.32286457311197,-5.242328053455809,-5.723329067230225,-5.461700635307492,-5.366,-5.166004172995679
-4.904124,-4.902902544691937,-4.775951610633978,-4.913432259144272,-4.537344,-5.0577604892085954,-4.672315126152608,-4.673230206143123,-4.5443106,-4.7498662159837775,-4.6871292189616085,-4.669034337871371,-6.282611789168423,-4.889278888702393,-4.933216569597356,-4.593,-4.803464403634015
-5.136078,-5.0981364766763,-5.179065044258666,-5.172443082915952,-5.146275,-5.560066364417209,-5.315450970245548,-5.213418244165276,-5.0481124,-5.340164273314787,-5.222853146779416,-5.215018985969414,-5.4561092910952285,-5.031078815460205,-4.895382484616883,-4.95,-4.864710343254571
-5.489517,-5.070895992614929,-5.697052721159943,-5.223526896395887,-5.2254133,-5.287265811755245,-5.218478110579037,-5.283880145051635,-5.338818,-5.231269628395848,-5.44109273640796,-5.358053072823208,-4.601337971112646,-4.994357585906982,-5.09414424400666,-4.88,-4.957671993202933
-5.111626,-5.000994801109579,-4.865153931999021,-4.873842740852855,-4.6500564,-5.446376496256166,-4.398837062188822,-4.805408172662557,-4.473138,-4.828166731187564,-4.354873405238508,-4.723548958926274,-4.757025775391779,-4.712642192840576,-5.205062686135815,-4.803,-4.6281496429525895
-6.0645294,-5.775084377622673,-6.001968484918921,-5.486308643336172,-6.1704707,-5.579649668798343,-6.351778064849795,-6.179405088582042,-6.058344,-6.220745600358437,-6.234804880661591,-6.117670081515436,-7.227965977824862,-6.207012176513672,-5.950673975162189,-5.959,-5.772708477483165
-5.089544,-5.517328273873678,-4.983330485546099,-5.0786003772250465,-5.336812,-5.32078699580128,-5.4905442932323245,-5.217692057406866,-5.137554,-5.613157381152095,-5.574259268361945,-5.1640018351274035,-4.661653195187567,-5.28289794921875,-4.864302676017726,-4.955,-4.902021721944579
-4.9928455,-4.821313344333664,-5.0762986391610605,-5.148001002878797,-4.9822693,-5.493826298152292,-5.0772392149037495,-5.383389471438296,-4.9552393,-4.934983678975101,-5.059873232796743,-5.235050545915919,-4.642835120127383,-5.031585216522217,-5.318750476008213,-4.756,-5.349086561202039
-5.0306497,-4.9722760365478536,-5.1548487581714175,-4.992023440288154,-4.934883,-4.970122091989341,-4.914669938876969,-4.964406475318951,-4.792354,-4.728302645579746,-4.902163284999114,-5.008824738276885,-4.698970004336019,-4.866395473480225,-5.415268289546906,-4.787,-5.513063005775362
-5.6086607,-5.245285504994561,-5.554137123336028,-5.293922484928362,-5.2679453,-5.610141698501207,-5.2755691173400665,-5.380139669359811,-4.962986,-5.022013491852059,-4.9124007332529,-5.308688174617449,-5.068041311521069,-4.944071769714356,-5.185989310786695,-4.948,-5.293421661298898
-5.1662827,-4.879525022619395,-5.0410686694099125,-4.999144561445807,-4.741737,-5.066321465581208,-4.834659152398641,-4.74613576645435,-4.6417775,-4.764324186168128,-4.593807472506948,-4.7381460479105115,-4.689411859112482,-5.513966083526611,-5.159905649481557,-4.971,-5.096202728214887
-5.949889,-5.693487737222254,-5.901031664683422,-5.917288384909426,-5.6475196,-5.479611460705441,-5.684496623133098,-5.638898200154336,-5.7904577,-5.474511186918374,-5.848946294604168,-5.606437953734628,-5.762135357982622,-5.783822536468506,-5.563095386527992,-5.329,-5.515165142031551
-6.5026464,-6.532738083495804,-6.65282036358585,-6.175148158101839,-6.6316814,-5.843236444643362,-6.725055231348083,-6.596131835926462,-6.679599,-6.37623036554731,-6.56889650437813,-6.542490834643546,-5.6005159312937245,-6.454998016357422,-6.133395960001224,-6.205,-6.085142337826725
-5.090807,-4.630220619032567,-5.215439907033157,-5.081134857960758,-4.5894136,-5.096306979414747,-4.638596712996033,-4.787150609777964,-4.709268,-4.7869287969753485,-4.624983523244559,-4.74662962871109,-4.970294031280671,-4.550458908081055,-5.071740235427282,-4.588,-4.820196455061582
-4.8888116,-5.166349031019106,-4.486790331220218,-4.669415341753928,-5.542497,-5.163726104104768,-5.635196371528251,-5.58335777041446,-5.227158,-5.073137520770388,-5.29858973422759,-5.480835776569292,-6.9684459585006895,-5.107949733734131,-5.235194044418742,-4.67,-5.117193033778926
-5.569921,-5.425835803917714,-5.986545157420918,-5.1583060608452955,-5.2576632,-5.271034894321062,-5.676630108692421,-5.350589917491387,-5.42692,-5.295744942800625,-5.095766569283558,-5.3435070483660905,-4.462591779677412,-5.018348217010498,-5.022478055857639,-5.451,-5.001927127617107
-5.0208364,-5.009183139206889,-4.84485629798699,-5.037113061520886,-4.7439146,-5.182364474251425,-4.600795570690828,-4.840706209835216,-4.9154077,-5.0242097270688815,-4.963588944992784,-5.129053678892203,-4.4076542845912,-5.2919464111328125,-4.985787570130616,-4.727,-4.563754964534054
-5.2097077,-4.96628645515551,-5.242158217820861,-4.969684036942832,-4.5839205,-4.620943038923395,-4.704497474705556,-4.624595262066097,-4.658829,-4.5368504056418075,-4.710026908630532,-4.654268359071948,-4.7827155479829,-5.483517169952393,-5.086555433555768,-4.767,-5.148014202477879
-5.024658,-4.821878462988489,-4.935981893077198,-5.1063942459634255,-5.3479233,-5.5780660633021615,-5.423091414042706,-5.32560639199083,-5.1954274,-5.200856486223282,-5.318386329937656,-5.250314056744979,-5.367591088495232,-4.890961170196533,-4.970610344126097,-4.992,-5.012162212929513
-5.1019073,-5.256391244511889,-5.056329698160103,-5.004284373013383,-5.0470996,-5.277132196289278,-4.990093859284624,-5.284234513829147,-5.1052284,-5.018887117012195,-5.013464563994255,-5.264526063542957,-5.051119396448262,-5.380701065063477,-4.914793125460526,-5.49,-5.361435899523127
-4.9683833,-5.507096558110628,-5.0101175553530135,-5.076671155510248,-5.7382903,-5.621481665775292,-5.296513568635123,-5.596521968301322,-5.551699,-5.507450356208569,-5.63602640783291,-5.6317221921514875,-4.502621527706186,-5.280301094055176,-5.247501203551561,-5.123,-5.018644434910584
-5.3803024,-5.049106927985401,-5.5012692703774775,-5.170500589946518,-5.356178,-5.295867128074302,-5.608236727895765,-5.617441365806976,-5.189382,-5.085436239826281,-4.714146521500599,-5.522927854018222,-4.694542222337913,-5.293901920318604,-5.492026550181739,-5.309,-5.115918349491835
-5.082208,-5.003672087909834,-5.024835883739882,-5.092043800504534,-5.120913,-5.540448358234288,-4.9831163487377905,-5.158677077184827,-4.9761653,-5.185403203241579,-5.074315387133685,-5.090968538504242,-5.211024436135123,-4.991812229156494,-4.882424929686756,-4.924,-4.852449575603217
-5.9037976,-5.891064715678338,-5.902182115429007,-5.451271620422126,-5.1752253,-5.385857889227226,-5.154352798946987,-5.367107331091317,-5.623408,-5.832477518919828,-5.900312523231401,-5.318765562955686,-4.53024037369069,-5.640326499938965,-5.638358554498648,-4.938,-5.4960755690069245
-6.0941186,-5.62758677768311,-5.926312623932831,-6.188475089753365,-5.6881223,-5.632639091073956,-5.532396885641137,-5.825332197773155,-5.805549,-5.661092757674175,-5.919228618001305,-5.774331761922211,-5.548604346573716,-5.881677627563477,-6.107071875948768,-5.431,-6.497539617968332
-5.6021647,-5.672021167486517,-5.075133392989892,-5.404877480763693,-6.0111423,-5.615016025022242,-5.956760766399484,-6.093237048493342,-5.581695,-5.639846126756563,-5.685720087461951,-5.846297957589772,-5.590887053193022,-4.959372997283936,-5.161451254151922,-5.52,-5.393598178105443
-5.3208065,-5.286476890007828,-5.768339201248892,-5.455228027804213,-5.7078967,-5.7794209466338735,-5.732114373186066,-5.51513799787502,-5.5521016,-5.569642696032625,-5.3473107232266885,-5.519235841267659,-4.75060358233533,-5.606360912322998,-4.787373482939787,-6.001,-5.144233934497836
-5.0514536,-5.26872319388831,-4.961130704744209,-4.8758025307406525,-5.0768423,-5.244030840146697,-5.087823563523629,-5.008326546833362,-4.9660883,-5.086451385524714,-4.986367277350578,-4.998551603408414,-4.7608538651694685,-5.004025936126709,-5.302760592081197,-4.82,-5.134400410296944
-6.3672686,-5.766531782580917,-6.074772034220623,-5.74776920125489,-6.215625,-5.722278987442606,-6.1725294075789785,-5.725722608803904,-6.275726,-6.003555186356711,-6.326259051268987,-5.722345226197615,-6.601366229584642,-5.780702114105225,-6.080149731601391,-6.021,-5.919518746346588
-5.5731745,-5.419296425210669,-5.600352502915237,-5.268451346099589,-5.5680127,-5.34735394804771,-5.568988123730461,-5.48390054838196,-5.6084433,-5.359980100679323,-5.659670010976928,-5.431664348264605,-5.402554207969997,-5.5511908531188965,-5.476524741853716,-5.426,-5.682379406150331
-5.8267636,-5.3780016515205915,-5.836599150253211,-5.869439696665028,-5.53798,-5.498439448605261,-5.598922799107033,-5.60102054484045,-5.6921105,-5.241509003357351,-5.625865697677761,-5.592824460188823,-5.968821840957281,-5.490296840667725,-5.64557734621118,-5.316,-5.456929662019284
-6.3003035,-6.354416045124676,-6.092219632150957,-5.641722657581818,-5.458561,-5.22603233610503,-5.532097242874061,-5.7251683450979005,-5.6984925,-6.082107192263119,-5.89282857057017,-5.671040527162755,-5.721848749616356,-6.125656127929688,-6.000243384804879,-5.774,-5.811849071962962
-5.138891,-5.3430502330648615,-5.588239072665623,-4.84947234274878,-4.663667,-5.137930659447724,-4.931800137274851,-4.94149270481971,-4.775093,-5.193228835578304,-5.458596195363738,-4.871698118992334,-4.662868040153888,-5.011134624481201,-5.166664339420551,-4.808,-4.833522265046448
-5.1570296,-5.5931546495492785,-4.901261479239053,-5.119305975095987,-5.908757,-5.624951938812752,-5.672352849053664,-5.672680910131437,-5.4407573,-5.688263868420652,-5.494063847429374,-5.640029232309977,-4.736830361305078,-5.302046298980713,-5.351269952278786,-5.189,-5.234597322995247
-5.2359962,-5.057086707463315,-5.142636844459606,-5.245434090453424,-4.784398,-5.30862350798525,-4.9343213071927945,-4.917436710951123,-4.7420964,-4.811803565747143,-4.8115027319279315,-4.859504316417065,-4.700732337588604,-4.978535175323486,-5.20616282346074,-5.194,-5.023351066633949
-5.5067506,-5.384338098998491,-5.150728886900909,-5.327532767437874,-5.0737414,-5.281119617574466,-5.335170150845437,-5.284862246586487,-5.17024,-5.506110597052534,-4.624787970890038,-5.319790570453707,-4.367532466653767,-5.200934410095215,-4.976748882752517,-4.826,-4.770038065780297
